{
  "roc_auc": 0.9300385109114249,
  "brier_score": 0.07952620177719563
}