Model,Accuracy,Precision,Recall,F1,ROC_AUC
Random Forest,0.9666666666666667,1.0,0.8787878787878788,0.9354838709677419,0.9022988505747127
Decision Tree,0.95,0.9655172413793104,0.8484848484848485,0.9032258064516129,0.9184952978056428
Logistic Regression,0.8166666666666667,0.7037037037037037,0.5757575757575758,0.6333333333333333,0.8052943225357019
