{
  "best_threshold": 0.45000000000000007,
  "metrics_at_best": {
    "threshold": 0.45000000000000007,
    "f1": 0.9166666666666666,
    "precision": 0.9705882352941176,
    "recall": 0.868421052631579,
    "roc_auc": 0.9300385109114249
  }
}